{
    "epoch": 15.0,
    "eval_accuracy": 0.9998524638536441,
    "eval_f1": 0.8666666666666666,
    "eval_loss": 0.0006404975429177284,
    "eval_precision": 0.8125,
    "eval_recall": 0.9285714285714286,
    "eval_runtime": 2.55,
    "eval_samples": 144,
    "eval_samples_per_second": 56.47,
    "eval_steps_per_second": 1.961,
    "test_accuracy": 0.9998524638536441,
    "test_f1": 0.8666666666666666,
    "test_loss": 0.0006404975429177284,
    "test_precision": 0.8125,
    "test_recall": 0.9285714285714286,
    "test_runtime": 2.7073,
    "test_samples": 144,
    "test_samples_per_second": 53.189,
    "test_steps_per_second": 1.847,
    "train_loss": 0.015281276637113388,
    "train_runtime": 668.5831,
    "train_samples_per_second": 29.076,
    "train_steps_per_second": 3.635
}