{
    "epoch": 15.0,
    "eval_accuracy": 0.9998524638536441,
    "eval_f1": 0.8666666666666666,
    "eval_loss": 0.0006404975429177284,
    "eval_precision": 0.8125,
    "eval_recall": 0.9285714285714286,
    "eval_runtime": 2.55,
    "eval_samples": 144,
    "eval_samples_per_second": 56.47,
    "eval_steps_per_second": 1.961
}