{
    "epoch": 15.0,
    "eval_accuracy": 0.9998686888582496,
    "eval_f1": 0.8695652173913043,
    "eval_loss": 0.0007779462612234056,
    "eval_precision": 0.8695652173913043,
    "eval_recall": 0.8695652173913043,
    "eval_runtime": 7.0631,
    "eval_samples": 144,
    "eval_samples_per_second": 20.388,
    "eval_steps_per_second": 0.708,
    "test_accuracy": 0.9998686888582496,
    "test_f1": 0.8695652173913043,
    "test_loss": 0.0007779462612234056,
    "test_precision": 0.8695652173913043,
    "test_recall": 0.8695652173913043,
    "test_runtime": 6.9548,
    "test_samples": 144,
    "test_samples_per_second": 20.705,
    "test_steps_per_second": 0.719,
    "train_loss": 0.012684484626407977,
    "train_runtime": 2168.0134,
    "train_samples_per_second": 8.967,
    "train_steps_per_second": 1.121
}