{
    "epoch": 15.0,
    "eval_accuracy": 0.9998686888582496,
    "eval_f1": 0.8695652173913043,
    "eval_loss": 0.0007779462612234056,
    "eval_precision": 0.8695652173913043,
    "eval_recall": 0.8695652173913043,
    "eval_runtime": 7.0631,
    "eval_samples": 144,
    "eval_samples_per_second": 20.388,
    "eval_steps_per_second": 0.708
}