{
    "epoch": 15.0,
    "eval_accuracy": 0.9999337836048205,
    "eval_f1": 0.9473684210526315,
    "eval_loss": 0.00025852021644823253,
    "eval_precision": 0.9230769230769231,
    "eval_recall": 0.972972972972973,
    "eval_runtime": 5.9572,
    "eval_samples": 144,
    "eval_samples_per_second": 24.172,
    "eval_steps_per_second": 0.839,
    "test_accuracy": 0.9999337836048205,
    "test_f1": 0.9473684210526315,
    "test_loss": 0.00025852021644823253,
    "test_precision": 0.9230769230769231,
    "test_recall": 0.972972972972973,
    "test_runtime": 6.0421,
    "test_samples": 144,
    "test_samples_per_second": 23.833,
    "test_steps_per_second": 0.828,
    "train_loss": 0.011594545439560226,
    "train_runtime": 2026.8973,
    "train_samples_per_second": 9.591,
    "train_steps_per_second": 1.199
}