{
    "epoch": 15.0,
    "test_accuracy": 0.9861024460555472,
    "test_f1": 0.7586633663366337,
    "test_loss": 0.06182297691702843,
    "test_precision": 0.7315035799522673,
    "test_recall": 0.787917737789203,
    "test_runtime": 2.1547,
    "test_samples": 126,
    "test_samples_per_second": 58.476,
    "test_steps_per_second": 0.928,
    "train_loss": 0.05736296129338618,
    "train_runtime": 542.4073,
    "train_samples_per_second": 31.333,
    "train_steps_per_second": 1.963
}