{
    "epoch": 15.0,
    "eval_accuracy": 0.998924197285667,
    "eval_f1": 0.7839195979899496,
    "eval_loss": 0.0023628000635653734,
    "eval_precision": 0.7289719626168224,
    "eval_recall": 0.8478260869565217,
    "eval_runtime": 5.7154,
    "eval_samples": 144,
    "eval_samples_per_second": 25.195,
    "eval_steps_per_second": 0.875,
    "test_accuracy": 0.998924197285667,
    "test_f1": 0.7839195979899496,
    "test_loss": 0.0023628000635653734,
    "test_precision": 0.7289719626168224,
    "test_recall": 0.8478260869565217,
    "test_runtime": 5.8211,
    "test_samples": 144,
    "test_samples_per_second": 24.738,
    "test_steps_per_second": 0.859,
    "train_loss": 0.007904928845042984,
    "train_runtime": 1916.4884,
    "train_samples_per_second": 10.144,
    "train_steps_per_second": 1.268
}