{
    "epoch": 15.0,
    "eval_accuracy": 0.9990898861530315,
    "eval_f1": 0.8686868686868686,
    "eval_loss": 0.0029193279333412647,
    "eval_precision": 0.8113207547169812,
    "eval_recall": 0.9347826086956522,
    "eval_runtime": 2.5003,
    "eval_samples": 144,
    "eval_samples_per_second": 57.594,
    "eval_steps_per_second": 2.0,
    "test_accuracy": 0.9990898861530315,
    "test_f1": 0.8686868686868686,
    "test_loss": 0.0029193279333412647,
    "test_precision": 0.8113207547169812,
    "test_recall": 0.9347826086956522,
    "test_runtime": 2.5227,
    "test_samples": 144,
    "test_samples_per_second": 57.082,
    "test_steps_per_second": 1.982,
    "train_loss": 0.018358483104564158,
    "train_runtime": 679.1408,
    "train_samples_per_second": 28.624,
    "train_steps_per_second": 3.578
}