{
    "epoch": 15.0,
    "eval_accuracy": 0.9990898861530315,
    "eval_f1": 0.8686868686868686,
    "eval_loss": 0.0029193279333412647,
    "eval_precision": 0.8113207547169812,
    "eval_recall": 0.9347826086956522,
    "eval_runtime": 2.5003,
    "eval_samples": 144,
    "eval_samples_per_second": 57.594,
    "eval_steps_per_second": 2.0
}