{
    "epoch": 15.0,
    "eval_accuracy": 0.9998155290960926,
    "eval_f1": 0.8571428571428571,
    "eval_loss": 0.0007095689652487636,
    "eval_precision": 0.8048780487804879,
    "eval_recall": 0.9166666666666666,
    "eval_runtime": 2.8175,
    "eval_samples": 144,
    "eval_samples_per_second": 51.109,
    "eval_steps_per_second": 1.775,
    "test_accuracy": 0.9998155290960926,
    "test_f1": 0.8571428571428571,
    "test_loss": 0.0007095689652487636,
    "test_precision": 0.8048780487804879,
    "test_recall": 0.9166666666666666,
    "test_runtime": 3.1305,
    "test_samples": 144,
    "test_samples_per_second": 45.999,
    "test_steps_per_second": 1.597,
    "train_loss": 0.005767719448091838,
    "train_runtime": 667.7374,
    "train_samples_per_second": 29.113,
    "train_steps_per_second": 3.639
}