{
    "epoch": 15.0,
    "eval_accuracy": 0.9998155290960926,
    "eval_f1": 0.8571428571428571,
    "eval_loss": 0.0007095689652487636,
    "eval_precision": 0.8048780487804879,
    "eval_recall": 0.9166666666666666,
    "eval_runtime": 2.8175,
    "eval_samples": 144,
    "eval_samples_per_second": 51.109,
    "eval_steps_per_second": 1.775
}