{
    "epoch": 15.0,
    "eval_accuracy": 0.9996877773030532,
    "eval_f1": 0.8169014084507042,
    "eval_loss": 0.001137884333729744,
    "eval_precision": 0.7435897435897436,
    "eval_recall": 0.90625,
    "eval_runtime": 5.8927,
    "eval_samples": 144,
    "eval_samples_per_second": 24.437,
    "eval_steps_per_second": 0.849,
    "test_accuracy": 0.9996877773030532,
    "test_f1": 0.8169014084507042,
    "test_loss": 0.001137884333729744,
    "test_precision": 0.7435897435897436,
    "test_recall": 0.90625,
    "test_runtime": 5.7282,
    "test_samples": 144,
    "test_samples_per_second": 25.139,
    "test_steps_per_second": 0.873,
    "train_loss": 0.01129941342847897,
    "train_runtime": 1921.5622,
    "train_samples_per_second": 10.117,
    "train_steps_per_second": 1.265
}