{
    "epoch": 15.0,
    "eval_accuracy": 0.999851072279587,
    "eval_f1": 0.8363636363636364,
    "eval_loss": 0.0010109564755111933,
    "eval_precision": 0.8214285714285714,
    "eval_recall": 0.8518518518518519,
    "eval_runtime": 5.7009,
    "eval_samples": 144,
    "eval_samples_per_second": 25.259,
    "eval_steps_per_second": 0.877,
    "test_accuracy": 0.999851072279587,
    "test_f1": 0.8363636363636364,
    "test_loss": 0.0010109564755111933,
    "test_precision": 0.8214285714285714,
    "test_recall": 0.8518518518518519,
    "test_runtime": 5.6734,
    "test_samples": 144,
    "test_samples_per_second": 25.382,
    "test_steps_per_second": 0.881,
    "train_loss": 0.012677479606627682,
    "train_runtime": 1918.0106,
    "train_samples_per_second": 10.136,
    "train_steps_per_second": 1.267
}