{
    "epoch": 15.0,
    "eval_accuracy": 0.9998018821198613,
    "eval_f1": 0.8214285714285714,
    "eval_loss": 0.0005785807152278721,
    "eval_precision": 0.8214285714285714,
    "eval_recall": 0.8214285714285714,
    "eval_runtime": 5.7667,
    "eval_samples": 144,
    "eval_samples_per_second": 24.971,
    "eval_steps_per_second": 0.867,
    "test_accuracy": 0.9998018821198613,
    "test_f1": 0.8214285714285714,
    "test_loss": 0.0005785807152278721,
    "test_precision": 0.8214285714285714,
    "test_recall": 0.8214285714285714,
    "test_runtime": 5.7075,
    "test_samples": 144,
    "test_samples_per_second": 25.23,
    "test_steps_per_second": 0.876,
    "train_loss": 0.006945912866975821,
    "train_runtime": 1933.863,
    "train_samples_per_second": 10.052,
    "train_steps_per_second": 1.257
}