{
    "epoch": 15.0,
    "eval_accuracy": 0.9999009410599307,
    "eval_f1": 0.912280701754386,
    "eval_loss": 0.0005754321464337409,
    "eval_precision": 0.896551724137931,
    "eval_recall": 0.9285714285714286,
    "eval_runtime": 6.8069,
    "eval_samples": 144,
    "eval_samples_per_second": 21.155,
    "eval_steps_per_second": 0.735
}