{
    "epoch": 15.0,
    "eval_accuracy": 0.9994590341300286,
    "eval_f1": 0.9052631578947369,
    "eval_loss": 0.0024324057158082724,
    "eval_precision": 0.9148936170212766,
    "eval_recall": 0.8958333333333334,
    "eval_runtime": 2.5485,
    "eval_samples": 144,
    "eval_samples_per_second": 56.503,
    "eval_steps_per_second": 1.962,
    "test_accuracy": 0.9994590341300286,
    "test_f1": 0.9052631578947369,
    "test_loss": 0.0024324057158082724,
    "test_precision": 0.9148936170212766,
    "test_recall": 0.8958333333333334,
    "test_runtime": 2.6347,
    "test_samples": 144,
    "test_samples_per_second": 54.654,
    "test_steps_per_second": 1.898,
    "train_loss": 0.014962341041599282,
    "train_runtime": 686.0602,
    "train_samples_per_second": 28.336,
    "train_steps_per_second": 3.542
}