{
    "epoch": 15.0,
    "eval_accuracy": 0.9999668918024103,
    "eval_f1": 0.972972972972973,
    "eval_loss": 7.992114842636511e-05,
    "eval_precision": 0.972972972972973,
    "eval_recall": 0.972972972972973,
    "eval_runtime": 6.2197,
    "eval_samples": 144,
    "eval_samples_per_second": 23.152,
    "eval_steps_per_second": 0.804,
    "test_accuracy": 0.9999668918024103,
    "test_f1": 0.972972972972973,
    "test_loss": 7.992114842636511e-05,
    "test_precision": 0.972972972972973,
    "test_recall": 0.972972972972973,
    "test_runtime": 6.1837,
    "test_samples": 144,
    "test_samples_per_second": 23.287,
    "test_steps_per_second": 0.809,
    "train_loss": 0.017065181829985766,
    "train_runtime": 2109.6821,
    "train_samples_per_second": 9.215,
    "train_steps_per_second": 1.152
}