{
    "epoch": 15.0,
    "eval_accuracy": 0.9998028067177178,
    "eval_f1": 0.8484848484848485,
    "eval_loss": 0.0011122040450572968,
    "eval_precision": 0.8235294117647058,
    "eval_recall": 0.875,
    "eval_runtime": 5.8988,
    "eval_samples": 144,
    "eval_samples_per_second": 24.412,
    "eval_steps_per_second": 0.848,
    "test_accuracy": 0.9998028067177178,
    "test_f1": 0.8484848484848485,
    "test_loss": 0.0011122040450572968,
    "test_precision": 0.8235294117647058,
    "test_recall": 0.875,
    "test_runtime": 6.1372,
    "test_samples": 144,
    "test_samples_per_second": 23.463,
    "test_steps_per_second": 0.815,
    "train_loss": 0.014403948862366225,
    "train_runtime": 1953.1239,
    "train_samples_per_second": 9.953,
    "train_steps_per_second": 1.244
}