{
    "epoch": 15.0,
    "test_accuracy": 0.9813874377353906,
    "test_f1": 0.7065797273266152,
    "test_loss": 0.08656226098537445,
    "test_precision": 0.6780432309442548,
    "test_recall": 0.7376237623762376,
    "test_runtime": 2.1288,
    "test_samples": 126,
    "test_samples_per_second": 59.189,
    "test_steps_per_second": 0.94,
    "train_loss": 0.0461445001789102,
    "train_runtime": 536.4782,
    "train_samples_per_second": 31.679,
    "train_steps_per_second": 1.985
}