{
    "epoch": 15.0,
    "eval_accuracy": 0.9992942026130918,
    "eval_f1": 0.880503144654088,
    "eval_loss": 0.0026751570403575897,
    "eval_precision": 0.8536585365853658,
    "eval_recall": 0.9090909090909091,
    "eval_runtime": 5.961,
    "eval_samples": 144,
    "eval_samples_per_second": 24.157,
    "eval_steps_per_second": 0.839,
    "test_accuracy": 0.9992942026130918,
    "test_f1": 0.880503144654088,
    "test_loss": 0.0026751570403575897,
    "test_precision": 0.8536585365853658,
    "test_recall": 0.9090909090909091,
    "test_runtime": 5.9064,
    "test_samples": 144,
    "test_samples_per_second": 24.38,
    "test_steps_per_second": 0.847,
    "train_loss": 0.011794493452228084,
    "train_runtime": 2002.6855,
    "train_samples_per_second": 9.707,
    "train_steps_per_second": 1.213
}