{
    "epoch": 15.0,
    "eval_accuracy": 0.9992942026130918,
    "eval_f1": 0.880503144654088,
    "eval_loss": 0.0026751570403575897,
    "eval_precision": 0.8536585365853658,
    "eval_recall": 0.9090909090909091,
    "eval_runtime": 5.961,
    "eval_samples": 144,
    "eval_samples_per_second": 24.157,
    "eval_steps_per_second": 0.839
}