{
    "epoch": 15.0,
    "eval_accuracy": 0.9987590139191682,
    "eval_f1": 0.797752808988764,
    "eval_loss": 0.003567375708371401,
    "eval_precision": 0.7244897959183674,
    "eval_recall": 0.8875,
    "eval_runtime": 2.4046,
    "eval_samples": 144,
    "eval_samples_per_second": 59.886,
    "eval_steps_per_second": 2.079,
    "test_accuracy": 0.9987590139191682,
    "test_f1": 0.797752808988764,
    "test_loss": 0.003567375708371401,
    "test_precision": 0.7244897959183674,
    "test_recall": 0.8875,
    "test_runtime": 2.4791,
    "test_samples": 144,
    "test_samples_per_second": 58.085,
    "test_steps_per_second": 2.017,
    "train_loss": 0.016965490130424008,
    "train_runtime": 673.6207,
    "train_samples_per_second": 28.859,
    "train_steps_per_second": 3.607
}