{
    "epoch": 15.0,
    "eval_accuracy": 0.9987590139191682,
    "eval_f1": 0.797752808988764,
    "eval_loss": 0.003567375708371401,
    "eval_precision": 0.7244897959183674,
    "eval_recall": 0.8875,
    "eval_runtime": 2.4046,
    "eval_samples": 144,
    "eval_samples_per_second": 59.886,
    "eval_steps_per_second": 2.079
}