{
    "epoch": 15.0,
    "eval_accuracy": 0.9992388138734445,
    "eval_f1": 0.9032258064516129,
    "eval_loss": 0.0028195008635520935,
    "eval_precision": 0.8936170212765957,
    "eval_recall": 0.9130434782608695,
    "eval_runtime": 2.5234,
    "eval_samples": 144,
    "eval_samples_per_second": 57.066,
    "eval_steps_per_second": 1.981,
    "test_accuracy": 0.9992388138734445,
    "test_f1": 0.9032258064516129,
    "test_loss": 0.0028195008635520935,
    "test_precision": 0.8936170212765957,
    "test_recall": 0.9130434782608695,
    "test_runtime": 2.499,
    "test_samples": 144,
    "test_samples_per_second": 57.622,
    "test_steps_per_second": 2.001,
    "train_loss": 0.01452078444906223,
    "train_runtime": 676.3968,
    "train_samples_per_second": 28.741,
    "train_steps_per_second": 3.593
}