{
    "epoch": 15.0,
    "eval_accuracy": 0.9999006951340615,
    "eval_f1": 0.8771929824561403,
    "eval_loss": 0.00031972082797437906,
    "eval_precision": 0.8928571428571429,
    "eval_recall": 0.8620689655172413,
    "eval_runtime": 5.9694,
    "eval_samples": 144,
    "eval_samples_per_second": 24.123,
    "eval_steps_per_second": 0.838
}