{
    "epoch": 15.0,
    "eval_accuracy": 0.999933796756041,
    "eval_f1": 0.9333333333333333,
    "eval_loss": 0.000477966241305694,
    "eval_precision": 0.9032258064516129,
    "eval_recall": 0.9655172413793104,
    "eval_runtime": 6.1471,
    "eval_samples": 144,
    "eval_samples_per_second": 23.426,
    "eval_steps_per_second": 0.813,
    "test_accuracy": 0.999933796756041,
    "test_f1": 0.9333333333333333,
    "test_loss": 0.000477966241305694,
    "test_precision": 0.9032258064516129,
    "test_recall": 0.9655172413793104,
    "test_runtime": 6.1381,
    "test_samples": 144,
    "test_samples_per_second": 23.46,
    "test_steps_per_second": 0.815,
    "train_loss": 0.014213401333662707,
    "train_runtime": 2071.0936,
    "train_samples_per_second": 9.386,
    "train_steps_per_second": 1.173
}