{
    "epoch": 15.0,
    "eval_accuracy": 0.9992449609349353,
    "eval_f1": 0.8343558282208589,
    "eval_loss": 0.0027950473595410585,
    "eval_precision": 0.7906976744186046,
    "eval_recall": 0.8831168831168831,
    "eval_runtime": 6.2168,
    "eval_samples": 144,
    "eval_samples_per_second": 23.163,
    "eval_steps_per_second": 0.804,
    "test_accuracy": 0.9992449609349353,
    "test_f1": 0.8343558282208589,
    "test_loss": 0.0027950473595410585,
    "test_precision": 0.7906976744186046,
    "test_recall": 0.8831168831168831,
    "test_runtime": 6.2509,
    "test_samples": 144,
    "test_samples_per_second": 23.037,
    "test_steps_per_second": 0.8,
    "train_loss": 0.015806273930541282,
    "train_runtime": 2097.1342,
    "train_samples_per_second": 9.27,
    "train_steps_per_second": 1.159
}