{
    "epoch": 15.0,
    "eval_accuracy": 0.9992449609349353,
    "eval_f1": 0.8343558282208589,
    "eval_loss": 0.0027950473595410585,
    "eval_precision": 0.7906976744186046,
    "eval_recall": 0.8831168831168831,
    "eval_runtime": 6.2168,
    "eval_samples": 144,
    "eval_samples_per_second": 23.163,
    "eval_steps_per_second": 0.804
}