{
    "epoch": 15.0,
    "eval_accuracy": 0.9983945145915211,
    "eval_f1": 0.8195121951219512,
    "eval_loss": 0.005735652521252632,
    "eval_precision": 0.9032258064516129,
    "eval_recall": 0.75,
    "eval_runtime": 2.5252,
    "eval_samples": 144,
    "eval_samples_per_second": 57.025,
    "eval_steps_per_second": 1.98,
    "test_accuracy": 0.9983945145915211,
    "test_f1": 0.8195121951219512,
    "test_loss": 0.005735652521252632,
    "test_precision": 0.9032258064516129,
    "test_recall": 0.75,
    "test_runtime": 2.5456,
    "test_samples": 144,
    "test_samples_per_second": 56.568,
    "test_steps_per_second": 1.964,
    "train_loss": 0.009596035271354112,
    "train_runtime": 678.4327,
    "train_samples_per_second": 28.654,
    "train_steps_per_second": 3.582
}