{
    "epoch": 15.0,
    "eval_accuracy": 0.9983945145915211,
    "eval_f1": 0.8195121951219512,
    "eval_loss": 0.005735652521252632,
    "eval_precision": 0.9032258064516129,
    "eval_recall": 0.75,
    "eval_runtime": 2.5252,
    "eval_samples": 144,
    "eval_samples_per_second": 57.025,
    "eval_steps_per_second": 1.98
}