{
    "epoch": 15.0,
    "eval_accuracy": 0.9988577671831546,
    "eval_f1": 0.8319327731092436,
    "eval_loss": 0.004741528071463108,
    "eval_precision": 0.868421052631579,
    "eval_recall": 0.7983870967741935,
    "eval_runtime": 6.3806,
    "eval_samples": 144,
    "eval_samples_per_second": 22.569,
    "eval_steps_per_second": 0.784,
    "test_accuracy": 0.9988577671831546,
    "test_f1": 0.8319327731092436,
    "test_loss": 0.004741528071463108,
    "test_precision": 0.868421052631579,
    "test_recall": 0.7983870967741935,
    "test_runtime": 6.3273,
    "test_samples": 144,
    "test_samples_per_second": 22.759,
    "test_steps_per_second": 0.79,
    "train_loss": 0.014779644446455157,
    "train_runtime": 2140.6439,
    "train_samples_per_second": 9.081,
    "train_steps_per_second": 1.135
}