{
    "epoch": 15.0,
    "eval_accuracy": 0.9987255875537902,
    "eval_f1": 0.8292682926829267,
    "eval_loss": 0.003784913569688797,
    "eval_precision": 0.7522123893805309,
    "eval_recall": 0.9239130434782609,
    "eval_runtime": 5.9967,
    "eval_samples": 144,
    "eval_samples_per_second": 24.013,
    "eval_steps_per_second": 0.834,
    "test_accuracy": 0.9987255875537902,
    "test_f1": 0.8292682926829267,
    "test_loss": 0.003784913569688797,
    "test_precision": 0.7522123893805309,
    "test_recall": 0.9239130434782609,
    "test_runtime": 6.0083,
    "test_samples": 144,
    "test_samples_per_second": 23.967,
    "test_steps_per_second": 0.832,
    "train_loss": 0.013769209835632347,
    "train_runtime": 2015.2224,
    "train_samples_per_second": 9.647,
    "train_steps_per_second": 1.206
}