{
    "epoch": 15.0,
    "eval_accuracy": 0.9998490692604394,
    "eval_f1": 0.8857142857142858,
    "eval_loss": 0.0005050713662058115,
    "eval_precision": 0.9117647058823529,
    "eval_recall": 0.8611111111111112,
    "eval_runtime": 5.8624,
    "eval_samples": 144,
    "eval_samples_per_second": 24.563,
    "eval_steps_per_second": 0.853,
    "test_accuracy": 0.9998490692604394,
    "test_f1": 0.8857142857142858,
    "test_loss": 0.0005050713662058115,
    "test_precision": 0.9117647058823529,
    "test_recall": 0.8611111111111112,
    "test_runtime": 5.7217,
    "test_samples": 144,
    "test_samples_per_second": 25.167,
    "test_steps_per_second": 0.874,
    "train_loss": 0.013493028638784777,
    "train_runtime": 1937.1667,
    "train_samples_per_second": 10.035,
    "train_steps_per_second": 1.254
}