{
    "epoch": 15.0,
    "eval_accuracy": 0.9998490692604394,
    "eval_f1": 0.8857142857142858,
    "eval_loss": 0.0005050713662058115,
    "eval_precision": 0.9117647058823529,
    "eval_recall": 0.8611111111111112,
    "eval_runtime": 5.8624,
    "eval_samples": 144,
    "eval_samples_per_second": 24.563,
    "eval_steps_per_second": 0.853
}