{
    "epoch": 15.0,
    "eval_accuracy": 0.9998662095492934,
    "eval_f1": 0.8813559322033899,
    "eval_loss": 0.0007063369848765433,
    "eval_precision": 0.8387096774193549,
    "eval_recall": 0.9285714285714286,
    "eval_runtime": 5.8633,
    "eval_samples": 144,
    "eval_samples_per_second": 24.56,
    "eval_steps_per_second": 0.853,
    "test_accuracy": 0.9998662095492934,
    "test_f1": 0.8813559322033899,
    "test_loss": 0.0007063369848765433,
    "test_precision": 0.8387096774193549,
    "test_recall": 0.9285714285714286,
    "test_runtime": 5.5813,
    "test_samples": 144,
    "test_samples_per_second": 25.8,
    "test_steps_per_second": 0.896,
    "train_loss": 0.011621844425122924,
    "train_runtime": 1915.599,
    "train_samples_per_second": 10.148,
    "train_steps_per_second": 1.269
}