{
    "epoch": 15.0,
    "eval_accuracy": 0.9998851027509684,
    "eval_f1": 0.888888888888889,
    "eval_loss": 0.00048078192048706114,
    "eval_precision": 0.9090909090909091,
    "eval_recall": 0.8695652173913043,
    "eval_runtime": 6.228,
    "eval_samples": 144,
    "eval_samples_per_second": 23.122,
    "eval_steps_per_second": 0.803,
    "test_accuracy": 0.9998851027509684,
    "test_f1": 0.888888888888889,
    "test_loss": 0.00048078192048706114,
    "test_precision": 0.9090909090909091,
    "test_recall": 0.8695652173913043,
    "test_runtime": 5.8899,
    "test_samples": 144,
    "test_samples_per_second": 24.448,
    "test_steps_per_second": 0.849,
    "train_loss": 0.010410377629668502,
    "train_runtime": 1950.6606,
    "train_samples_per_second": 9.966,
    "train_steps_per_second": 1.246
}