{
    "epoch": 15.0,
    "eval_accuracy": 0.9998851027509684,
    "eval_f1": 0.888888888888889,
    "eval_loss": 0.00048078192048706114,
    "eval_precision": 0.9090909090909091,
    "eval_recall": 0.8695652173913043,
    "eval_runtime": 6.228,
    "eval_samples": 144,
    "eval_samples_per_second": 23.122,
    "eval_steps_per_second": 0.803
}