{
    "epoch": 15.0,
    "eval_accuracy": 0.9999180354742467,
    "eval_f1": 0.912280701754386,
    "eval_loss": 0.0002738145412877202,
    "eval_precision": 0.896551724137931,
    "eval_recall": 0.9285714285714286,
    "eval_runtime": 2.4247,
    "eval_samples": 144,
    "eval_samples_per_second": 59.39,
    "eval_steps_per_second": 2.062
}