{
    "epoch": 15.0,
    "eval_accuracy": 0.9991399414498603,
    "eval_f1": 0.8324324324324324,
    "eval_loss": 0.002463054843246937,
    "eval_precision": 0.7857142857142857,
    "eval_recall": 0.8850574712643678,
    "eval_runtime": 2.7369,
    "eval_samples": 144,
    "eval_samples_per_second": 52.614,
    "eval_steps_per_second": 1.827,
    "test_accuracy": 0.9991399414498603,
    "test_f1": 0.8324324324324324,
    "test_loss": 0.002463054843246937,
    "test_precision": 0.7857142857142857,
    "test_recall": 0.8850574712643678,
    "test_runtime": 2.6136,
    "test_samples": 144,
    "test_samples_per_second": 55.096,
    "test_steps_per_second": 1.913,
    "train_loss": 0.005563291790128644,
    "train_runtime": 676.7857,
    "train_samples_per_second": 28.724,
    "train_steps_per_second": 3.591
}