{
    "epoch": 15.0,
    "eval_accuracy": 0.9987839747592598,
    "eval_f1": 0.7487179487179487,
    "eval_loss": 0.00460249837487936,
    "eval_precision": 0.7373737373737373,
    "eval_recall": 0.7604166666666666,
    "eval_runtime": 6.826,
    "eval_samples": 144,
    "eval_samples_per_second": 21.096,
    "eval_steps_per_second": 0.732,
    "test_accuracy": 0.9987839747592598,
    "test_f1": 0.7487179487179487,
    "test_loss": 0.00460249837487936,
    "test_precision": 0.7373737373737373,
    "test_recall": 0.7604166666666666,
    "test_runtime": 6.777,
    "test_samples": 144,
    "test_samples_per_second": 21.248,
    "test_steps_per_second": 0.738,
    "train_loss": 0.005415645623177198,
    "train_runtime": 2283.2687,
    "train_samples_per_second": 8.514,
    "train_steps_per_second": 1.064
}