{
    "epoch": 15.0,
    "eval_accuracy": 0.9987839747592598,
    "eval_f1": 0.7487179487179487,
    "eval_loss": 0.00460249837487936,
    "eval_precision": 0.7373737373737373,
    "eval_recall": 0.7604166666666666,
    "eval_runtime": 6.826,
    "eval_samples": 144,
    "eval_samples_per_second": 21.096,
    "eval_steps_per_second": 0.732
}