{
    "epoch": 15.0,
    "eval_accuracy": 0.998708703672648,
    "eval_f1": 0.7738095238095237,
    "eval_loss": 0.003994786646217108,
    "eval_precision": 0.7386363636363636,
    "eval_recall": 0.8125,
    "eval_runtime": 2.3963,
    "eval_samples": 144,
    "eval_samples_per_second": 60.092,
    "eval_steps_per_second": 2.087,
    "test_accuracy": 0.998708703672648,
    "test_f1": 0.7738095238095237,
    "test_loss": 0.003994786646217108,
    "test_precision": 0.7386363636363636,
    "test_recall": 0.8125,
    "test_runtime": 2.4199,
    "test_samples": 144,
    "test_samples_per_second": 59.506,
    "test_steps_per_second": 2.066,
    "train_loss": 0.009007736219959372,
    "train_runtime": 673.912,
    "train_samples_per_second": 28.846,
    "train_steps_per_second": 3.606
}