{
    "epoch": 15.0,
    "eval_accuracy": 0.998708703672648,
    "eval_f1": 0.7738095238095237,
    "eval_loss": 0.003994786646217108,
    "eval_precision": 0.7386363636363636,
    "eval_recall": 0.8125,
    "eval_runtime": 2.3963,
    "eval_samples": 144,
    "eval_samples_per_second": 60.092,
    "eval_steps_per_second": 2.087
}