{
    "epoch": 15.0,
    "test_accuracy": 0.9825564832467731,
    "test_f1": 0.7577450482478415,
    "test_loss": 0.07437597960233688,
    "test_precision": 0.6888273314866112,
    "test_recall": 0.8419864559819413,
    "test_runtime": 2.1684,
    "test_samples": 126,
    "test_samples_per_second": 58.108,
    "test_steps_per_second": 0.922,
    "train_loss": 0.05118199189503988,
    "train_runtime": 545.597,
    "train_samples_per_second": 31.149,
    "train_steps_per_second": 1.952
}