{
    "epoch": 15.0,
    "test_accuracy": 0.9883545657881941,
    "test_f1": 0.8163265306122449,
    "test_loss": 0.0578472726047039,
    "test_precision": 0.7852193995381063,
    "test_recall": 0.85,
    "test_runtime": 2.2331,
    "test_samples": 126,
    "test_samples_per_second": 56.425,
    "test_steps_per_second": 0.896,
    "train_loss": 0.04755246809950457,
    "train_runtime": 525.0651,
    "train_samples_per_second": 32.367,
    "train_steps_per_second": 2.028
}