{
    "epoch": 15.0,
    "eval_accuracy": 0.9990076247498387,
    "eval_f1": 0.8342245989304813,
    "eval_loss": 0.002621111460030079,
    "eval_precision": 0.78,
    "eval_recall": 0.896551724137931,
    "eval_runtime": 2.6522,
    "eval_samples": 144,
    "eval_samples_per_second": 54.294,
    "eval_steps_per_second": 1.885,
    "test_accuracy": 0.9990076247498387,
    "test_f1": 0.8342245989304813,
    "test_loss": 0.002621111460030079,
    "test_precision": 0.78,
    "test_recall": 0.896551724137931,
    "test_runtime": 2.4966,
    "test_samples": 144,
    "test_samples_per_second": 57.679,
    "test_steps_per_second": 2.003,
    "train_loss": 0.013644631495201048,
    "train_runtime": 695.9058,
    "train_samples_per_second": 27.935,
    "train_steps_per_second": 3.492
}