{
    "epoch": 15.0,
    "eval_accuracy": 0.9983325078421661,
    "eval_f1": 0.797752808988764,
    "eval_loss": 0.008706461638212204,
    "eval_precision": 0.7395833333333334,
    "eval_recall": 0.8658536585365854,
    "eval_runtime": 2.5443,
    "eval_samples": 144,
    "eval_samples_per_second": 56.596,
    "eval_steps_per_second": 1.965,
    "test_accuracy": 0.9983325078421661,
    "test_f1": 0.797752808988764,
    "test_loss": 0.008706461638212204,
    "test_precision": 0.7395833333333334,
    "test_recall": 0.8658536585365854,
    "test_runtime": 2.6592,
    "test_samples": 144,
    "test_samples_per_second": 54.152,
    "test_steps_per_second": 1.88,
    "train_loss": 0.012351317674212863,
    "train_runtime": 672.5474,
    "train_samples_per_second": 28.905,
    "train_steps_per_second": 3.613
}