{
    "epoch": 15.0,
    "eval_accuracy": 0.9998842228874811,
    "eval_f1": 0.8928571428571429,
    "eval_loss": 0.0006680797087028623,
    "eval_precision": 0.8928571428571429,
    "eval_recall": 0.8928571428571429,
    "eval_runtime": 6.6788,
    "eval_samples": 144,
    "eval_samples_per_second": 21.561,
    "eval_steps_per_second": 0.749,
    "test_accuracy": 0.9998842228874811,
    "test_f1": 0.8928571428571429,
    "test_loss": 0.0006680797087028623,
    "test_precision": 0.8928571428571429,
    "test_recall": 0.8928571428571429,
    "test_runtime": 6.2288,
    "test_samples": 144,
    "test_samples_per_second": 23.118,
    "test_steps_per_second": 0.803,
    "train_loss": 0.011948047413532871,
    "train_runtime": 2117.571,
    "train_samples_per_second": 9.18,
    "train_steps_per_second": 1.148
}