{
    "epoch": 15.0,
    "eval_accuracy": 0.9999163809683084,
    "eval_f1": 0.9152542372881356,
    "eval_loss": 0.00019454695575404912,
    "eval_precision": 0.8709677419354839,
    "eval_recall": 0.9642857142857143,
    "eval_runtime": 2.4999,
    "eval_samples": 144,
    "eval_samples_per_second": 57.602,
    "eval_steps_per_second": 2.0,
    "test_accuracy": 0.9999163809683084,
    "test_f1": 0.9152542372881356,
    "test_loss": 0.00019454695575404912,
    "test_precision": 0.8709677419354839,
    "test_recall": 0.9642857142857143,
    "test_runtime": 2.6042,
    "test_samples": 144,
    "test_samples_per_second": 55.296,
    "test_steps_per_second": 1.92,
    "train_loss": 0.013503113865024514,
    "train_runtime": 671.6645,
    "train_samples_per_second": 28.943,
    "train_steps_per_second": 3.618
}