{
    "epoch": 15.0,
    "eval_accuracy": 0.9999163809683084,
    "eval_f1": 0.9152542372881356,
    "eval_loss": 0.00019454695575404912,
    "eval_precision": 0.8709677419354839,
    "eval_recall": 0.9642857142857143,
    "eval_runtime": 2.4999,
    "eval_samples": 144,
    "eval_samples_per_second": 57.602,
    "eval_steps_per_second": 2.0
}