{
    "epoch": 15.0,
    "eval_accuracy": 0.9987791621373024,
    "eval_f1": 0.8828828828828829,
    "eval_loss": 0.004877628292888403,
    "eval_precision": 0.8909090909090909,
    "eval_recall": 0.875,
    "eval_runtime": 3.1467,
    "eval_samples": 144,
    "eval_samples_per_second": 45.762,
    "eval_steps_per_second": 1.589
}